Advertiser;conversions;revenue
Addictive Ads;1;0
Digital Turbine;45;109,4
Art of Click;76;121,95
AlliTapp;55;86,95
Avazu;33;29,2
MiniMob;734;1345,06
Persona.ly;12;13,92
StartApp;473;637,85
SmartLead;14;7,15
Tracsion;122;111,03
WinClap;217;235,77
DCyphermedia;34;46,4
Appave;57;68,4
Instal;725;820,96
Appcoach;210;162,66
Adwool;1;0
Eptonic;1;0
Leadzinmarketing AFFTRACK;21;34,2
Mobrider;15;18,88
Layroute;2;0
Miri Media;1;0
Revenuemob;1;0
Grand Oro LP;1;0
AdsFast;2;5,55
Applift;1494;3435,72
MiskyAds;2;0
Mobquid CPA;2724;3130,3
Basebone;13;4,8
Collectcent;189;521,6
Click2commission CPA;20;18
Mobipium;1;0
Affimobiz;1;0
CliqDigital;2;0
Naranya CPA;9;0
MoBrain (Headway);778;359,66
Buongiorno (taplinks);15;168,7
Digital Galaxy;254;1892,4
Digital Virgo;133;146,3
Image Perfect;12;9,6
Neomobile;92;27,3
Mobilogia;24;8,4
Linkadia CPA;1;0
Mobsai;195;669,3
AddValue Media CPI;1;1,4
Adxperience;463;1349,9
Go-Rilla;17;11,4
JungleTap;60;39,79
Laddez;1;1,1
MappStreet;52;45,3
ReGaming;1;1,83
Rekket;17;29,92
Adstract;36;29,07
DobleVia Latam;1;0
Admitad;107;3834
CPITraffic;1;1,95
Sabia Media;1;1,82
Zenna;12;19,7
3DM;8;15,9
Avazu CPA;10;240
Ximobi;5;46,5
Affle CPA;2;2,2
Mobquid;11782;8594,1
Superads;47;211,5
Softerik;1;0
Doozymob;1;0
